CountryCode,Ranking,Economy,Gdp,Long Name,Income Group,Region,Lending category,Other groups,Currency Unit,Latest population census,Latest household survey,Special Notes,National accounts base year,National accounts reference year,System of National Accounts,SNA price valuation,Alternative conversion factor,PPP survey year,Balance of Payments Manual in use,External debt Reporting status,System of trade,Government Accounting concept,IMF data dissemination standard,Source of most recent Income and expenditure data,Vital registration complete,Latest agricultural census,Latest industrial data,Latest trade data,Latest water withdrawal data,2-alpha code,WB-2 code,Table Name,Short Name
USA,1,United States,"16,244,600",United States of America,High income: OECD,North America,NA,NA,U.S. dollar,2000,CPS (monthly),Fiscal year end: September 30; reporting period for national accounts data: CY.,NA,2000,NA,VAB,NA,2005,BPM5,NA,General,Consolidated,SDDS,LFS 2000,Yes,1997/2002,2004,2008,2000,US,US,United States,United States
CHN,2,China,"8,227,103",People's Republic of China,Lower middle income,East Asia & Pacific,IBRD,NA,Chinese yuan,2000,"NSS, 2007","On 1 July 1997 China resumed its exercise of sovereignty over Hong Kong; and on 20 December 1999 China resumed its exercise of sovereignty over Macao. Unless otherwise noted, data for China do not include data for Hong Kong SAR, China; Macao SAR, China; or Taiwan, China.",2000,NA,1993,VAP,1978-93,2005,BPM5,Preliminary,Special,Budgetary,GDDS,"IHS, 2005",NA,1997,2005,2008,2000,CN,CN,China,China
JPN,3,Japan,"5,959,718",Japan,High income: OECD,East Asia & Pacific,NA,NA,Japanese yen,2005,NA,Fiscal year end: March 31; reporting period for national accounts data: CY.,2000,NA,NA,VAB,NA,2005,BPM5,NA,General,Consolidated,SDDS,"IS, 1993",Yes,2000,2004,2008,2000,JP,JP,Japan,Japan
DEU,4,Germany,"3,428,131",Federal Republic of Germany,High income: OECD,Europe & Central Asia,NA,Euro area,Euro,2001,NA,"A simple multiplier is used to convert the national currencies of EMU members to euros. The following irrevocable euro conversion rate was adopted by the EU Council on January 1, 1999: 1 euro = 1.95583 German mark. Please note that historical data before 1999 are not actual euros and are not comparable or suitable for aggregation across countries.",2000,NA,1993,VAB,NA,2005,BPM5,NA,Special,Consolidated,SDDS,"IHS, 2000",Yes,1999-2000,2004,2008,2000,DE,DE,Germany,Germany
FRA,5,France,"2,612,878",French Republic,High income: OECD,Europe & Central Asia,NA,Euro area,Euro,2006 (rolling),NA,"A simple multiplier is used to convert the national currencies of EMU members to euros. The following irrevocable euro conversion rate was adopted by the EU Council on January 1, 1999: 1 euro = 6.55957 French franc. Please note that historical data before 1999 are not actual euros and are not comparable or suitable for aggregation across countries.",NA,2000,1993,VAB,NA,2005,BPM5,NA,Special,Consolidated,SDDS,"ES/BS, 1994/95",Yes,1999-2000,2004,2008,2000,FR,FR,France,France
GBR,6,United Kingdom,"2,471,784",United Kingdom of Great Britain and Northern Ireland,High income: OECD,Europe & Central Asia,NA,NA,Pound sterling,2001,NA,NA,2000,NA,1993,VAB,NA,2005,BPM5,NA,General,Consolidated,SDDS,"IS, 1999",Yes,1999-2000 (conducted annually),2004,2008,2000,GB,GB,United Kingdom,United Kingdom
BRA,7,Brazil,"2,252,664",Federative Republic of Brazil,Upper middle income,Latin America & Caribbean,IBRD,NA,Brazilian real,2000,"DHS, 1996",NA,2000,NA,1993,VAB,NA,2005,BPM5,Actual,Special,Consolidated,SDDS,"LFS, 2007",NA,1996,2004,2008,2000,BR,BR,Brazil,Brazil
RUS,8,Russian Federation,"2,014,775",Russian Federation,Upper middle income,Europe & Central Asia,IBRD,NA,Russian ruble,2002,"RHS, 1996",NA,2000,NA,1993,VAB,1987-95,2005,BPM5,Preliminary,General,Consolidated,SDDS,"IHS, 2007",Yes,1994-95,2005,2008,2000,RU,RU,Russian Federation,Russia
ITA,9,Italy,"2,014,670",Italian Republic,High income: OECD,Europe & Central Asia,NA,Euro area,Euro,2001,NA,"A simple multiplier is used to convert the national currencies of EMU members to euros. The following irrevocable euro conversion rate was adopted by the EU Council on January 1, 1999: 1 euro = 1936.27 Italian lira. Please note that historical data before 1999 are not actual euros and are not comparable or suitable for aggregation across countries.",2000,NA,1993,VAB,NA,2005,BPM5,NA,Special,Consolidated,SDDS,"ES/BS, 2000",Yes,2000,2004,2008,2000,IT,IT,Italy,Italy
IND,10,India,"1,841,710",Republic of India,Lower middle income,South Asia,Blend,NA,Indian rupee,2001,"DHS, 2005/06",Fiscal year end: March 31; reporting period for national accounts data: FY.,1999/2000,NA,1993,VAB,NA,2005,BPM5,Actual,General,Consolidated,SDDS,"IHS, 2004/05",NA,1995-1996/2000-2001,2003,2008,2000,IN,IN,India,India
CAN,11,Canada,"1,821,424",Canada,High income: OECD,North America,NA,NA,Canadian dollar,2006,NA,Fiscal year end: March 31; reporting period for national accounts data: CY.,2000,NA,1993,VAB,NA,2005,BPM5,NA,General,Consolidated,SDDS,"LFS, 2000",Yes,1996/2001,2001,2008,2000,CA,CA,Canada,Canada
AUS,12,Australia,"1,532,408",Commonwealth of Australia,High income: OECD,East Asia & Pacific,NA,NA,Australian dollar,2006,NA,Fiscal year end: June 30; reporting period for national accounts data: FY.,NA,2007,1993,VAB,NA,2005,BPM5,NA,General,Consolidated,SDDS,"ES/BS, 1994",Yes,2001,2004,2008,2000,AU,AU,Australia,Australia
ESP,13,Spain,"1,322,965",Kingdom of Spain,High income: OECD,Europe & Central Asia,NA,Euro area,Euro,2001,NA,"A simple multiplier is used to convert the national currencies of EMU members to euros. The following irrevocable euro conversion rate was adopted by the EU Council on January 1, 1999: 1 euro = 166.386 Spanish peseta. Please note that historical data before 1999 are not actual euros and are not comparable or suitable for aggregation across countries.",2000,NA,1993,VAB,NA,2005,BPM5,NA,Special,Consolidated,SDDS,"IHS, 2000",Yes,1999,2004,2008,2000,ES,ES,Spain,Spain
MEX,14,Mexico,"1,178,126",United Mexican States,Upper middle income,Latin America & Caribbean,IBRD,NA,Mexican peso,2005,"ENPF, 1995",NA,2003,NA,1993,VAB,NA,2005,BPM5,Actual,General,Consolidated,SDDS,"LFS, 2008",NA,1991,1999,2008,2000,MX,MX,Mexico,Mexico
KOR,15,"Korea, Rep.","1,129,598",Republic of Korea,High income: OECD,East Asia & Pacific,IBRD,NA,Korean won,2005,NA,NA,2000,NA,1993,VAB,NA,2005,BPM5,NA,Special,Consolidated,SDDS,"ES/BS, 1998",Yes,2000,2005,2008,2000,KR,KR,"Korea, Rep.",Korea
IDN,16,Indonesia,"878,043",Republic of Indonesia,Lower middle income,East Asia & Pacific,IBRD,NA,Indonesian rupiah,2000,"DHS, 2007",Data for Indonesia include Timor-Leste through 1999 unless otherwise noted. Fiscal year end: March 31; reporting period for national accounts data: CY.,2000,NA,NA,VAP,NA,2005,BPM5,Actual,Special,Consolidated,SDDS,"IHS, 2007",NA,2003,2004,2008,2000,ID,ID,Indonesia,Indonesia
TUR,17,Turkey,"789,257",Republic of Turkey,Upper middle income,Europe & Central Asia,IBRD,NA,New Turkish lira,2000,"DHS, 2003",NA,1998,NA,NA,VAB,NA,2005,BPM5,Actual,Special,Budgetary,SDDS,"LFS, 2006",NA,2001,2000,2008,2003,TR,TR,Turkey,Turkey
NLD,18,Netherlands,"770,555",Kingdom of the Netherlands,High income: OECD,Europe & Central Asia,NA,Euro area,Euro,2001,NA,"A simple multiplier is used to convert the national currencies of EMU members to euros. The following irrevocable euro conversion rate was adopted by the EU Council on January 1, 1999: 1 euro = 2.20371 Netherlands guilder. Please note that historical data before 1999 are not actual euros and are not comparable or suitable for aggregation across countries.",NA,2000,1993,VAB,NA,2005,BPM5,NA,Special,Consolidated,SDDS,"IHS, 1999",Yes,1999-2000 (conducted annually),2004,2008,NA,NL,NL,Netherlands,Netherlands
SAU,19,Saudi Arabia,"711,050",Kingdom of Saudi Arabia,High income: nonOECD,Middle East & North Africa,NA,NA,Saudi Arabian riyal,2004,"Demographic survey, 2007",NA,1999,NA,NA,VAP,NA,2005,BPM4,NA,General,NA,GDDS,NA,NA,1999,2005,2007,2006,SA,SA,Saudi Arabia,Saudi Arabia
CHE,20,Switzerland,"631,173",Switzerland,High income: OECD,Europe & Central Asia,NA,NA,Swiss franc,2000,NA,NA,2000,NA,NA,VAB,NA,2005,BPM5,NA,Special,Consolidated,SDDS,"ES/BS, 2000",Yes,2000,NA,2008,2000,CH,CH,Switzerland,Switzerland
SWE,21,Sweden,"523,806",Kingdom of Sweden,High income: OECD,Europe & Central Asia,NA,NA,Swedish krona,Register based,NA,Fiscal year end: June 30; reporting period for national accounts data: CY.,NA,2000,NA,VAB,NA,2005,BPM5,NA,General,Consolidated,SDDS,"IS, 2000",Yes,1999-2000,2004,2008,2000,SE,SE,Sweden,Sweden
IRN,22,"Iran, Islamic Rep.","514,060",Islamic Republic of Iran,Upper middle income,Middle East & North Africa,IBRD,NA,Iranian rial,2006,"DHS, 2000",Fiscal year end: March 20; reporting period for national accounts data: FY.,1997/1998,NA,NA,VAB,1980-02,2005,BPM5,Actual,General,Consolidated,NA,"ES/BS, 2005",Yes,2003,2004,2006,2004,IR,IR,"Iran, Islamic Rep.",Iran
NOR,23,Norway,"499,667",Kingdom of Norway,High income: OECD,Europe & Central Asia,NA,NA,Norwegian krone,2001,NA,NA,NA,2000,1993,VAB,NA,2005,BPM5,NA,General,Consolidated,SDDS,"IS, 2000",Yes,1999,2003,2008,2000,NO,NO,Norway,Norway
POL,24,Poland,"489,795",Republic of Poland,High income: OECD,Europe & Central Asia,IBRD,NA,Polish zloty,2002,NA,NA,NA,2002,1993,VAB,NA,2005,BPM5,Actual,Special,Consolidated,SDDS,"ES/BS, 2005",Yes,1996/2002,2004,2008,2000,PL,PL,Poland,Poland
BEL,25,Belgium,"483,262",Kingdom of Belgium,High income: OECD,Europe & Central Asia,NA,Euro area,Euro,2001,NA,"A simple multiplier is used to convert the national currencies of EMU members to euros. The following irrevocable euro conversion rate was adopted by the EU Council on January 1, 1999: 1 euro = 40.3399 Belgian franc. Please note that historical data before 1999 are not actual euros and are not comparable or suitable for aggregation across countries.",2000,NA,1993,VAB,NA,2005,BPM5,NA,Special,Consolidated,SDDS,"IHS, 2000",Yes,1999-2000 (conducted annually),2004,2008,NA,BE,BE,Belgium,Belgium
ARG,26,Argentina,"475,502",Argentine Republic,Upper middle income,Latin America & Caribbean,IBRD,NA,Argentine peso,2001,NA,NA,1993,NA,1993,VAB,1971-84,2005,BPM5,Actual,Special,Consolidated,SDDS,"IHS, 2006",Yes,2002,2001,2008,2000,AR,AR,Argentina,Argentina
AUT,27,Austria,"394,708",Republic of Austria,High income: OECD,Europe & Central Asia,NA,Euro area,Euro,2001,NA,"A simple multiplier is used to convert the national currencies of EMU members to euros. The following irrevocable euro conversion rate was adopted by the EU Council on January 1, 1999: 1 euro = 13.7603 Austrian schilling. Please note that historical data before 1999 are not actual euros and are not comparable or suitable for aggregation across countries.",2000,NA,1993,VAB,NA,2005,BPM5,NA,Special,Consolidated,SDDS,IS 2000,Yes,1999-2000,2004,2008,2000,AT,AT,Austria,Austria
ZAF,28,South Africa,"384,313",Republic of South Africa,Upper middle income,Sub-Saharan Africa,IBRD,NA,South African rand,2001,"DHS, 2003",Fiscal year end: March 31; reporting period for national accounts data: CY.,2000,NA,1993,VAB,NA,2005,BPM5,Preliminary,General,Consolidated,SDDS,"ES/BS, 2000",NA,2000,2005,2008,2000,ZA,ZA,South Africa,South Africa
VEN,29,"Venezuela, RB","381,286",República Bolivariana de Venezuela,Upper middle income,Latin America & Caribbean,IBRD,NA,Venezuelan bolivar fuerte,2001,"MICS, 2000",NA,1997,NA,NA,VAB,NA,2005,BPM5,Actual,General,Consolidated,GDDS,"IHS, 2003",Yes,1997,NA,2008,NA,VE,VE,"Venezuela, RB",Venezuela
COL,30,Colombia,"369,606",Republic of Colombia,Upper middle income,Latin America & Caribbean,IBRD,NA,Colombian peso,2005,"DHS, 2005",NA,2000,NA,1993,VAB,1992-94,2005,BPM5,Actual,Special,Budgetary,SDDS,"IHS, 2006",NA,2001,2004,2008,2000,CO,CO,Colombia,Colombia
THA,31,Thailand,"365,966",Kingdom of Thailand,Lower middle income,East Asia & Pacific,IBRD,NA,Thai baht,2000,MICS 2005/06,Fiscal year end: September 30; reporting period for national accounts data: CY.,1988,NA,NA,VAP,NA,2005,BPM5,Estimate,General,Consolidated,SDDS,"IHS, 2004",NA,2003,1999,2008,2000,TH,TH,Thailand,Thailand
ARE,32,United Arab Emirates,"348,595",United Arab Emirates,High income: nonOECD,Middle East & North Africa,NA,NA,U.A.E. dirham,2005,NA,NA,1995,NA,NA,VAB,NA,NA,BPM4,NA,General,Consolidated,GDDS,NA,NA,1998,NA,2008,2005,AE,AE,United Arab Emirates,United Arab Emirates
DNK,33,Denmark,"314,887",Kingdom of Denmark,High income: OECD,Europe & Central Asia,NA,NA,Danish krone,2001,NA,NA,2000,NA,1993,VAB,NA,2005,BPM5,NA,General,Consolidated,SDDS,ITR 1997,Yes,1999-2000,2004,2008,2000,DK,DK,Denmark,Denmark
MYS,34,Malaysia,"305,033",Malaysia,Upper middle income,East Asia & Pacific,IBRD,NA,Malaysian ringgit,2000,NA,NA,2000,NA,NA,VAP,NA,2005,BPM5,Estimate,General,Consolidated,SDDS,"ES/BS, 2004",Yes,NA,2004,2008,2000,MY,MY,Malaysia,Malaysia
SGP,35,Singapore,"274,701",Republic of Singapore,High income: nonOECD,East Asia & Pacific,NA,NA,Singapore dollar,2000,"General  household, 2005",Fiscal year end: March 31; reporting period for national accounts data: CY.,2000,NA,1993,VAB,NA,2005,BPM5,NA,General,Consolidated,SDDS,NA,Yes,NA,2005,2008,NA,SG,SG,Singapore,Singapore
CHL,36,Chile,"269,869",Republic of Chile,Upper middle income,Latin America & Caribbean,IBRD,NA,Chilean peso,2002,NA,NA,2003,NA,1993,VAB,NA,2005,BPM5,Actual,Special,Consolidated,SDDS,"IHS, 2006",Yes,1997,2005,2008,2000,CL,CL,Chile,Chile
HKG,37,"Hong Kong SAR, China","263,259",Hong Kong Special Administrative Region of the People's Republic of China,High income: nonOECD,East Asia & Pacific,NA,NA,Hong Kong dollar,2006,NA,"On 1 July 1997 China resumed its exercise of sovereignty over Hong Kong. Unless otherwise noted, data for China do not include data for Hong Kong SAR, China; Macao SAR, China; or Taiwan, China.",2006,NA,1993,VAB,NA,2005,BPM5,NA,General,Consolidated,SDDS,NA,Yes,NA,NA,2008,NA,HK,HK,"Hong Kong SAR, China","Hong Kong SAR, China"
EGY,38,"Egypt, Arab Rep.","262,832",Arab Republic of Egypt,Lower middle income,Middle East & North Africa,IBRD,NA,Egyptian pound,2006,"DHS, 2008",Fiscal year end: June 30; reporting period for national accounts data: FY.,1991/1992,NA,NA,VAB,NA,2005,BPM5,Actual,Special,Budgetary,SDDS,"ES/BS, 2004-05",Yes,1999-2000,2001,2008,2000,EG,EG,"Egypt, Arab Rep.",Egypt
NGA,39,Nigeria,"262,597",Federal Republic of Nigeria,Lower middle income,Sub-Saharan Africa,IDA,NA,Nigerian naira,2006,"DHS, 2008",NA,2002,NA,NA,VAB,1971-98,2005,BPM5,Preliminary,General,NA,GDDS,"IHS, 2003-04",NA,1960,NA,2008,2000,NG,NG,Nigeria,Nigeria
ISR,40,Israel,"258,217",State of Israel,High income: OECD,Middle East & North Africa,NA,NA,Israeli new shekel,2008,NA,NA,2005,NA,1993,VAP,NA,2005,BPM5,NA,Special,Consolidated,SDDS,"ES/BS, 2001",Yes,1981,2004,2008,2004,IL,IL,Israel,Israel
PHL,41,Philippines,"250,182",Republic of the Philippines,Lower middle income,East Asia & Pacific,IBRD,NA,Philippine peso,2007,"DHS, 2008",NA,1985,NA,NA,VAP,NA,2005,BPM5,Actual,General,Budgetary,SDDS,"ES/BS, 2006",Yes,2002,2004,2008,2000,PH,PH,Philippines,Philippines
GRC,42,Greece,"249,099",Hellenic Republic,High income: OECD,Europe & Central Asia,NA,Euro area,Euro,2001,NA,"A simple multiplier is used to convert the national currencies of EMU members to euros. The following irrevocable euro conversion rate was adopted by the EU Council on January 1, 1999: 1 euro = 340.75 Greek drachma. Please note that historical data before 1999 are not actual euros and are not comparable or suitable for aggregation across countries.",NA,2000,NA,VAB,NA,2005,BPM5,NA,Special,Consolidated,SDDS,"IHS, 2000",Yes,1999-2000,2003,2008,2000,GR,GR,Greece,Greece
FIN,43,Finland,"247,546",Republic of Finland,High income: OECD,Europe & Central Asia,NA,Euro area,Euro,2000,NA,"A simple multiplier is used to convert the national currencies of EMU members to euros. The following irrevocable euro conversion rate was adopted by the EU Council on January 1, 1999: 1 euro = 5.94573 Finnish markka. Please note that historical data before 1999 are not actual euros and are not comparable or suitable for aggregation across countries.",2000,NA,1993,VAB,NA,2005,BPM5,NA,General,Consolidated,SDDS,"IS, 2000",Yes,1999-2000,2004,2008,2000,FI,FI,Finland,Finland
PAK,44,Pakistan,"225,143",Islamic Republic of Pakistan,Lower middle income,South Asia,Blend,NA,Pakistani rupee,1998,"DHS, 2006/07",Fiscal year end: June 30; reporting period for national accounts data: FY.,1999/2000,NA,1993,VAB,NA,2005,BPM5,Actual,General,Consolidated,GDDS,"LSMS, 2004/05",NA,2000,NA,2008,2000,PK,PK,Pakistan,Pakistan
PRT,45,Portugal,"212,274",Portuguese Republic,High income: OECD,Europe & Central Asia,NA,Euro area,Euro,2001,NA,"A simple multiplier is used to convert the national currencies of EMU members to euros. The following irrevocable euro conversion rate was adopted by the EU Council on January 1, 1999: 1 euro = 200.482 Portuguese escudo. Please note that historical data before 1999 are not actual euros and are not comparable or suitable for aggregation across countries.",2000,NA,1993,VAB,NA,2005,BPM5,NA,Special,Consolidated,SDDS,"IS, 1997",Yes,1999,2004,2008,2000,PT,PT,Portugal,Portugal
IRL,46,Ireland,"210,771",Ireland,High income: OECD,Europe & Central Asia,NA,Euro area,Euro,2006,NA,"A simple multiplier is used to convert the national currencies of EMU members to euros. The following irrevocable euro conversion rate was adopted by the EU Council on January 1, 1999: 1 euro = 0.787564 Irish pound. Please note that historical data before 1999 are not actual euros and are not comparable or suitable for aggregation across countries.",2000,NA,1993,VAB,NA,2005,BPM5,NA,General,Consolidated,SDDS,"IHS, 2000",Yes,2000,2004,2008,2000,IE,IE,Ireland,Ireland
IRQ,47,Iraq,"210,280",Republic of Iraq,Lower middle income,Middle East & North Africa,IBRD,NA,Iraqi dinar,1997,"MICS, 2006",NA,1997,NA,NA,VAB,"1997, 2004",2005,BPM5,NA,Special,NA,GDDS,NA,NA,1981,1996,2008,2000,IQ,IQ,Iraq,Iraq
DZA,48,Algeria,"205,789",People's Democratic Republic of Algeria,Upper middle income,Middle East & North Africa,IBRD,NA,Algerian dinar,2008,"MICS, 2006",NA,1980,NA,NA,VAB,NA,NA,BPM5,Actual,Special,Budgetary,GDDS,"IHS, 1995",NA,2001,NA,2007,2000,DZ,DZ,Algeria,Algeria
PER,49,Peru,"203,790",Republic of Peru,Upper middle income,Latin America & Caribbean,IBRD,NA,Peruvian new sol,2007,"DHS, 2007/08",NA,1994,NA,NA,VAB,1985-90,2005,BPM5,Actual,Special,Consolidated,SDDS,"LSMS, 2007",NA,1994,2006,2008,2000,PE,PE,Peru,Peru
KAZ,50,Kazakhstan,"203,521",Republic of Kazakhstan,Upper middle income,Europe & Central Asia,IBRD,NA,Kazakh tenge,1999,"MICS, 2006",NA,NA,1995,1993,VAB,1987-95,2005,BPM5,Actual,General,Consolidated,SDDS,"ES/BS, 2007",Yes,NA,NA,2008,2000,KZ,KZ,Kazakhstan,Kazakhstan
CZE,51,Czech Republic,"196,446",Czech Republic,High income: OECD,Europe & Central Asia,NA,NA,Czech koruna,2001,"RHS, 1993",NA,2000,1995,1993,VAB,NA,2005,BPM5,NA,General,Consolidated,SDDS,IS 1996,Yes,2000,2005,2008,2000,CZ,CZ,Czech Republic,Czech Republic
ROM,52,Romania,"192,711",Romania,Upper middle income,Europe & Central Asia,IBRD,NA,New Romanian leu,2002,"RHS, 1999",NA,NA,2005,1993,VAB,"1987-89, 1992",2005,BPM5,Actual,Special,Consolidated,SDDS,"LFS, 2007",Yes,2002,2005,2008,2000,RO,RO,Romania,Romania
UKR,53,Ukraine,"176,309",Ukraine,Lower middle income,Europe & Central Asia,IBRD,NA,Ukrainian hryvnia,2001,"DHS, 2007",NA,NA,2003,1993,VAB,1987-95,2005,BPM5,Actual,General,Consolidated,SDDS,"ES/BS, 2008",Yes,NA,NA,2008,2000,UA,UA,Ukraine,Ukraine
QAT,54,Qatar,"171,476",State of Qatar,High income: nonOECD,Middle East & North Africa,NA,NA,Qatari riyal,2004,NA,NA,2001,NA,NA,VAP,NA,2005,NA,NA,General,Budgetary,GDDS,NA,Yes,2000-2001,2005,2008,2005,QA,QA,Qatar,Qatar
NZL,55,New Zealand,"167,347",New Zealand,High income: OECD,East Asia & Pacific,NA,NA,New Zealand dollar,2006,NA,Fiscal year end: March 31; reporting period for national accounts data: FY.,2000/2001,NA,NA,VAB,NA,2005,BPM5,NA,General,Consolidated,NA,"IS, 1997",Yes,2002,2003,2008,2000,NZ,NZ,New Zealand,New Zealand
KWT,56,Kuwait,"160,913",State of Kuwait,High income: nonOECD,Middle East & North Africa,NA,NA,Kuwaiti dinar,2005,"FHS, 1996",Fiscal year end: June 30; reporting period for national accounts data: CY.,1995,NA,NA,VAP,NA,2005,BPM5,NA,Special,Consolidated,GDDS,NA,Yes,1970,NA,2007,2002,KW,KW,Kuwait,Kuwait
VNM,57,Vietnam,"155,820",Socialist Republic of Vietnam,Lower middle income,East Asia & Pacific,Blend,NA,Vietnamese dong,2009,"MICS, 2006",NA,1994,NA,1993,VAP,1991,2005,BPM4,Estimate,General,Consolidated,GDDS,"IHS, 2006",NA,2001,1999,2008,2000,VN,VN,Vietnam,Vietnam
HUN,58,Hungary,"124,600",Republic of Hungary,High income: OECD,Europe & Central Asia,NA,NA,Hungarian forint,2001,NA,NA,NA,2000,1993,VAB,NA,2005,BPM5,NA,Special,Consolidated,SDDS,"ES/BS, 2004",Yes,2000,2004,2008,2000,HU,HU,Hungary,Hungary
BGD,59,Bangladesh,"116,355",People's Republic of Bangladesh,Low income,South Asia,IDA,NA,Bangladeshi taka,2001,"DHS, 2007",Fiscal year end: June 30; reporting period for national accounts data: FY.,1995/1996,NA,1993,VAB,NA,2005,BPM5,Preliminary,General,Consolidated,GDDS,"IHS, 2005",NA,2005,1997,2007,2000,BD,BD,Bangladesh,Bangladesh
AGO,60,Angola,"114,147",People's Republic of Angola,Lower middle income,Sub-Saharan Africa,IDA,NA,Angolan kwanza,1970,"MICS, 2001, MIS, 2006/07",NA,1997,NA,NA,VAP,1991-96,2005,BPM5,Actual,Special,NA,GDDS,"IHS, 2000",NA,1964-65,NA,1991,2000,AO,AO,Angola,Angola
PRI,61,Puerto Rico,"101,496",Puerto Rico,High income: nonOECD,Latin America & Caribbean,NA,NA,U.S. dollar,2000,"RHS, 1995/96",Fiscal year end: June 30; reporting period for national accounts data: FY.,1954,NA,NA,VAP,NA,NA,NA,NA,General,NA,NA,NA,Yes,1997/2002,NA,NA,NA,PR,PR,Puerto Rico,Puerto Rico
MAR,62,Morocco,"95,982",Kingdom of Morocco,Lower middle income,Middle East & North Africa,IBRD,NA,Moroccan dirham,2004,"MICS, 2006",NA,1998,NA,NA,VAB,NA,2005,BPM5,Actual,Special,Consolidated,SDDS,"ES/BS, 2007",NA,1996,2005,2008,2000,MA,MA,Morocco,Morocco
SVK,63,Slovak Republic,"91,149",Slovak Republic,High income: OECD,Europe & Central Asia,NA,Euro area,Euro,2001,NA,"A simple multiplier is used to convert the national currencies of EMU members to euros. The following irrevocable euro conversion rate entered into force on January 1, 2009: 1 euro = 30.126 Slovak koruna. Please note that historical data are not actual euros and are not comparable or suitable for aggregation across countries.",2000,1995,1993,VAB,NA,2005,BPM5,NA,General,Consolidated,SDDS,"IS, 1996",Yes,2001,2004,2008,NA,SK,SK,Slovak Republic,Slovak Republic
ECU,64,Ecuador,"84,040",Republic of Ecuador,Lower middle income,Latin America & Caribbean,IBRD,NA,U.S. dollar,2001,"RHS, 2004",NA,2000,NA,1993,VAB,NA,2005,BPM5,Actual,Special,Budgetary,SDDS,"LFS, 2005",NA,1999-2000,2004,2008,2000,EC,EC,Ecuador,Ecuador
SYR,65,Syrian Arab Republic,"73,672",Syrian Arab Republic,Lower middle income,Middle East & North Africa,IBRD,NA,Syrian pound,2004,"MICS, 2006",NA,2000,NA,NA,VAB,1970-08,2005,BPM5,NA,Special,Consolidated,GDDS,NA,NA,1981,NA,2007,2003,SY,SY,Syrian Arab Republic,Syrian Arab Republic
OMN,66,Oman,"69,972",Sultanate of Oman,High income: nonOECD,Middle East & North Africa,NA,NA,Rial Omani,2003,"FHS, 1995",NA,1988,NA,NA,VAP,NA,2005,BPM5,NA,General,Budgetary,GDDS,NA,NA,1978-1979,2005,2008,2003,OM,OM,Oman,Oman
CUB,67,Cuba,"68,234",Republic of Cuba,Upper middle income,Latin America & Caribbean,NA,NA,Cuban peso,2002,"MICS, 2006",NA,1984,NA,NA,VAP,NA,NA,NA,NA,General,NA,NA,NA,Yes,NA,NA,2006,2000,CU,CU,Cuba,Cuba
AZE,68,Azerbaijan,"66,605",Republic of Azerbaijan,Upper middle income,Europe & Central Asia,Blend,NA,New Azeri manat,2009,"DHS, 2006",NA,NA,2003,1993,VAB,1992-95,2005,BPM5,Actual,General,Consolidated,GDDS,"ES/BS, 2005",Yes,NA,2005,2008,2005,AZ,AZ,Azerbaijan,Azerbaijan
BLR,69,Belarus,"63,267",Republic of Belarus,Upper middle income,Europe & Central Asia,IBRD,NA,Belarusian rubel,1999,"MICS, 2005",NA,NA,2000,1993,VAB,1990-95,2005,BPM5,Actual,General,Consolidated,SDDS,ES/BS 2007,Yes,1994,NA,2008,2000,BY,BY,Belarus,Belarus
LKA,70,Sri Lanka,"59,423",Democratic Socialist Republic of Sri Lanka,Lower middle income,South Asia,IDA,NA,Sri Lankan rupee,2001,"DHS, 1987",NA,2002,NA,NA,VAP,NA,2005,BPM5,Actual,General,Budgetary,GDDS,"ES/BS, 2002",Yes,2002,2005,2008,2000,LK,LK,Sri Lanka,Sri Lanka
HRV,71,Croatia,"59,228",Republic of Croatia,High income: nonOECD,Europe & Central Asia,IBRD,NA,Croatian kuna,2001,NA,The Statistical Bureau has revised main GDP aggregates for 1995-2005.,NA,1997,1993,VAB,NA,2005,BPM5,NA,General,Consolidated,SDDS,"ES/BS, 2005",Yes,2003,NA,2008,NA,HR,HR,Croatia,Croatia
DOM,72,Dominican Republic,"59,047",Dominican Republic,Upper middle income,Latin America & Caribbean,IBRD,NA,Dominican peso,2002,"DHS, 2007",NA,1991,NA,NA,VAB,NA,NA,BPM5,Actual,General,Consolidated,GDDS,"IHS, 2005",NA,1971,NA,2008,2000,DO,DO,Dominican Republic,Dominican Republic
SDN,73,Sudan,"58,769",Republic of the Sudan,Lower middle income,Sub-Saharan Africa,IDA,HIPC,Sudanese pound,2008,MICS-PAPFAM 2006,NA,1981/82 (Reporting period switch from fiscal year to calendar year from 1996. Pre-1996 data converted to calendar year.),1996,NA,VAB,NA,2005,BPM5,Actual,General,Budgetary,GDDS,NA,NA,NA,2000,2008,2000,SD,SD,Sudan,Sudan
LUX,74,Luxembourg,"55,178",Grand Duchy of Luxembourg,High income: OECD,Europe & Central Asia,NA,Euro area,Euro,2001,NA,"A simple multiplier is used to convert the national currencies of EMU members to euros. The following irrevocable euro conversion rate was adopted by the EU Council on January 1, 1999: 1 euro = 40.3399 Luxembourg franc. Please note that historical data before 1999 are not actual euros and are not comparable or suitable for aggregation across countries.",NA,2000,NA,VAB,NA,2005,BPM5,NA,Special,Consolidated,SDDS,NA,Yes,1999-2000 (conducted annually),2004,2008,NA,LU,LU,Luxembourg,Luxembourg
UZB,75,Uzbekistan,"51,113",Republic of Uzbekistan,Lower middle income,Europe & Central Asia,Blend,NA,Uzbek sum,1989,"MICS, 2006",NA,NA,1997,1993,VAB,1990-95,NA,BPM5,Actual,General,NA,NA,"ES/BS, 2003",Yes,NA,NA,NA,2000,UZ,UZ,Uzbekistan,Uzbekistan
BGR,76,Bulgaria,"50,972",Republic of Bulgaria,Upper middle income,Europe & Central Asia,IBRD,NA,Bulgarian lev,2001,NA,NA,NA,2002,1993,VAB,"1978-89, 1991-92",2005,BPM5,Actual,General,Consolidated,SDDS,"ES/BS, 2003",Yes,NA,2005,2008,2000,BG,BG,Bulgaria,Bulgaria
GTM,77,Guatemala,"50,234",Republic of Guatemala,Lower middle income,Latin America & Caribbean,IBRD,NA,Guatemalan quetzal,2002,"RHS, 2002",The government has revised national accounts data to conform to the 1993 SNA methodology. The new base year is 2001.,2001,NA,1993,VAB,NA,NA,BPM5,Actual,Special,Budgetary,GDDS,"LSMS, 2006",Yes,2003,NA,2008,2000,GT,GT,Guatemala,Guatemala
URY,78,Uruguay,"49,920",Oriental Republic of Uruguay,Upper middle income,Latin America & Caribbean,IBRD,NA,Uruguayan peso,2004,NA,The government has revised national accounts data for 1997-2008. The new base year is 2005.,2005,NA,NA,VAB,NA,2005,BPM5,Actual,Special,Consolidated,SDDS,"IHS, 2007",Yes,2000,2004,2008,2000,UY,UY,Uruguay,Uruguay
TUN,79,Tunisia,"45,662",Republic of Tunisia,Lower middle income,Middle East & North Africa,IBRD,NA,Tunisian dinar,2004,"MICS, 2006",NA,1990,NA,NA,VAP,NA,2005,BPM5,Actual,General,Consolidated,SDDS,"IHS, 2000",NA,2004,NA,2008,2000,TN,TN,Tunisia,Tunisia
SVN,80,Slovenia,"45,279",Republic of Slovenia,High income: OECD,Europe & Central Asia,NA,Euro area,Euro,2002,NA,"A simple multiplier is used to convert the national currencies of EMU members to euros. The following irrevocable euro conversion rate entered into force on January 1, 2007: 1 euro = 239.64 Slovenian tolar. Please note that historical data are not actual euros and are not comparable or suitable for aggregation across countries.",NA,2000,1993,VAB,NA,2005,BPM5,NA,Special,Consolidated,SDDS,"ES/BS, 2004",Yes,2000,2005,2008,NA,SI,SI,Slovenia,Slovenia
CRI,81,Costa Rica,"45,104",Republic of Costa Rica,Upper middle income,Latin America & Caribbean,IBRD,NA,Costa Rican colon,2000,"RHS, 1993",NA,1991,NA,1993,VAB,NA,NA,BPM5,Actual,Special,Consolidated,SDDS,"LFS, 2007",Yes,1973,NA,2008,2000,CR,CR,Costa Rica,Costa Rica
MAC,82,"Macao SAR, China","43,582",Macao Special Administrative Region of the People's Republic of China,High income: nonOECD,East Asia & Pacific,NA,NA,Macao pataca,2006,NA,"On 20 December 1999 China resumed its exercise of sovereignty over Macao. Unless otherwise noted, data for China do not include data for Hong Kong SAR, China; Macao SAR, China; or Taiwan, China.",2002,NA,NA,VAB,NA,2005,BPM5,NA,General,Consolidated,GDDS,NA,Yes,NA,NA,2008,NA,MO,MO,"Macao SAR, China","Macao SAR, China"
LBN,83,Lebanon,"42,945",Lebanese Republic,Upper middle income,Middle East & North Africa,IBRD,NA,Lebanese pound,1970,"MICS, 2000",The government has revised national accounts data for 1997-2007. The new base year is 1997.,1997,NA,NA,VAB,NA,2005,BPM5,Actual,General,Budgetary,GDDS,NA,NA,1998-1999,1997,2008,2005,LB,LB,Lebanon,Lebanon
LTU,84,Lithuania,"42,344",Republic of Lithuania,Upper middle income,Europe & Central Asia,NA,NA,Lithuanian litas,2001,NA,NA,2000,NA,1993,VAB,1990-95,2005,BPM5,Actual,General,Consolidated,SDDS,"ES/BS, 2004",Yes,2003,2005,2008,2000,LT,LT,Lithuania,Lithuania
ETH,85,Ethiopia,"41,605",Federal Democratic Republic of Ethiopia,Low income,Sub-Saharan Africa,IDA,HIPC,Ethiopian birr,2007,"DHS, 2005",Fiscal year end: July 7; reporting period for national accounts data: FY.,1999/2000,NA,1993,VAB,NA,2005,BPM5,Actual,General,Consolidated,GDDS,"ES/BS, 2005",NA,2001-2002,2005,2008,2002,ET,ET,Ethiopia,Ethiopia
GHA,86,Ghana,"40,711",Republic of Ghana,Low income,Sub-Saharan Africa,IDA,HIPC,New Ghanaian cedi,2000,"DHS, 2008",NA,1975,NA,NA,VAP,1973-87,2005,BPM5,Actual,General,Budgetary,GDDS,"LSMS, 2006",NA,1984,2002,2008,2000,GH,GH,Ghana,Ghana
KEN,87,Kenya,"40,697",Republic of Kenya,Low income,Sub-Saharan Africa,IDA,NA,Kenyan shilling,1999,"DHS, 2003, SPA, 2004",Fiscal year end: June 30; reporting period for national accounts data: CY.,2001,NA,1993,VAB,NA,2005,BPM5,Actual,General,Budgetary,GDDS,"IHS, 2005-06",NA,1977-1979,2005,2008,2003,KE,KE,Kenya,Kenya
SRB,88,Serbia,"37,489",Republic of Serbia,Upper middle income,Europe & Central Asia,IBRD,NA,Serbian dinar,2002,"MICS, 2005-06","Montenegro declared independence from Serbia and Montenegro on June 3, 2006. Where available, data for each country are shown separately. However, for Serbia, some indicators, such as those series for which data appear only for Serbia and not Montenegro--e.g., aid, environment, external debt, balance of payments, various social indicators excluding population--continue to include data for Montenegro through 2005. Moreover, data from 1999 onward for Serbia for most indicators exclude data for Kosovo, 1999 being the year when Kosovo became a territory under international administration pursuant to UN Security Council Resolution 1244 (1999); any exceptions are noted. Kosovo became a World Bank member on June 29, 2009; available data are shown separately for Kosovo. The Statistical Bureau of Serbia has revised current and constant GDP for 1997-2006.",NA,2002,1993,VAB,NA,2005,NA,Actual,Special,Consolidated,GDDS,NA,Yes,NA,NA,2008,NA,RS,YF,Serbia,Serbia
PAN,89,Panama,"36,253",Republic of Panama,Upper middle income,Latin America & Caribbean,IBRD,NA,Panamanian balboa,2000,"LSMS, 2003",NA,1996,NA,1993,VAB,NA,NA,BPM5,Actual,Special,Consolidated,GDDS,"LFS, 2006",NA,2001,2000,2008,2000,PA,PA,Panama,Panama
YEM,90,"Yemen, Rep.","35,646",Republic of Yemen,Lower middle income,Middle East & North Africa,IDA,NA,Yemeni rial,2004,"MICS, 2006",NA,1990,NA,NA,VAP,1990-96,2005,BPM5,Actual,General,Budgetary,GDDS,"ES/BS, 2005",NA,2002,2005,2008,2000,YE,RY,"Yemen, Rep.",Yemen
TKM,91,Turkmenistan,"35,164",Turkmenistan,Lower middle income,Europe & Central Asia,IBRD,NA,New Turkmen manat,1995,"MICS,2006","On January 1, 2009, the Turkmen manat was redenominated (1 new manat = 5,000 old manats).",NA,2007,1993,VAB,"1987-95, 1997-07",NA,BPM5,Estimate,General,NA,NA,"LSMS, 1998",Yes,NA,NA,2000,2000,TM,TM,Turkmenistan,Turkmenistan
JOR,92,Jordan,"31,015",Hashemite Kingdom of Jordan,Lower middle income,Middle East & North Africa,IBRD,NA,Jordanian dinar,2004,"DHS, 2007",NA,1994,NA,NA,VAB,NA,2005,BPM5,Actual,General,Budgetary,SDDS,"ES/BS, 2006",NA,1997,2005,2008,2005,JO,JO,Jordan,Jordan
BHR,93,Bahrain,"29,044",Kingdom of Bahrain,High income: nonOECD,Middle East & North Africa,NA,NA,Bahraini dinar,2001,NA,NA,1985,NA,NA,VAP,NA,2005,BPM5,NA,General,Consolidated,GDDS,NA,Yes,NA,NA,2007,2003,BH,BH,Bahrain,Bahrain
LVA,94,Latvia,"28,373",Republic of Latvia,High income: nonOECD,Europe & Central Asia,NA,NA,Latvian lats,2000,NA,NA,2000,NA,1993,VAB,1987-95,2005,BPM5,Actual,Special,Consolidated,SDDS,"IHS, 2007",Yes,2001,2005,2008,2000,LV,LV,Latvia,Latvia
TZA,95,Tanzania,"28,242",United Republic of Tanzania,Low income,Sub-Saharan Africa,IDA,HIPC,Tanzanian shilling,2002,"DHS, 2004/05, AIS, 2007/08",NA,1992,NA,NA,VAB,NA,2005,BPM5,Actual,Special,NA,GDDS,"ES/BS, 2000/01",NA,2002-2003,NA,2007,2002,TZ,TZ,Tanzania,Tanzania
BOL,96,Bolivia,"27,035",Plurinational State of Bolivia,Lower middle income,Latin America & Caribbean,Blend,HIPC,Bolivian Boliviano,2001,"DHS, 2008",NA,1990,NA,1993,VAB,1960-85,2005,BPM5,Actual,Special,Consolidated,GDDS,"IHS, 2007",NA,1984-1988,2000,2008,2000,BO,BO,Bolivia,Bolivia
PRY,97,Paraguay,"25,502",Republic of Paraguay,Lower middle income,Latin America & Caribbean,IBRD,NA,Paraguayan guarani,2002,"RHS, 2004",NA,1994,NA,NA,VAP,NA,2005,BPM5,Actual,Special,Consolidated,GDDS,"IHS, 2007",NA,1991,NA,2008,2000,PY,PY,Paraguay,Paraguay
CMR,98,Cameroon,"25,322",Republic of Cameroon,Lower middle income,Sub-Saharan Africa,IDA,HIPC,CFA franc,1987,"MICS, 2006",NA,2000,NA,1993,VAB,NA,2005,BPM5,Actual,Special,Consolidated,GDDS,"PS, 2001",NA,1984,NA,2006,2000,CM,CM,Cameroon,Cameroon
CIV,99,Côte d'Ivoire,"24,680",Republic of Côte d'Ivoire,Lower middle income,Sub-Saharan Africa,IDA,HIPC,CFA franc,1998,"MICS, 2006",NA,1996,NA,NA,VAP,NA,2005,BPM5,Actual,Special,Consolidated,GDDS,"IHS, 2002",NA,2001,NA,2008,NA,CI,CI,Côte d'Ivoire,Côte d'Ivoire
SLV,100,El Salvador,"23,864",Republic of El Salvador,Lower middle income,Latin America & Caribbean,IBRD,NA,U.S. dollar,2007,"RHS, 2008",NA,1990,NA,NA,VAB,NA,NA,BPM5,Actual,Special,Consolidated,SDDS,"IHS, 2007",Yes,1970-71,NA,2008,2000,SV,SV,El Salvador,El Salvador
TTO,101,Trinidad and Tobago,"23,320",Republic of Trinidad and Tobago,High income: nonOECD,Latin America & Caribbean,IBRD,NA,Trinidad and Tobago dollar,2000,"MICS, 2006",NA,2000,NA,1993,VAB,NA,NA,BPM5,NA,Special,Consolidated,GDDS,"IHS, 1992",Yes,2004,2005,2008,2000,TT,TT,Trinidad and Tobago,Trinidad and Tobago
CYP,102,Cyprus,"22,767",Republic of Cyprus,High income: nonOECD,Europe & Central Asia,NA,Euro area,Euro,2001,NA,"A simple multiplier is used to convert the national currencies of EMU members to euros. The following irrevocable euro conversion rate entered into force on January 1, 2008: 1 euro = 0.585274 Cyprus pounds. Please note that historical data are not actual euros and are not comparable or suitable for aggregation across countries.",NA,2000,NA,VAB,NA,2005,BPM5,NA,General,Consolidated,SDDS,NA,Yes,NA,2005,2008,2000,CY,CY,Cyprus,Cyprus
EST,103,Estonia,"22,390",Republic of Estonia,High income: nonOECD,Europe & Central Asia,NA,NA,Estonian kroon,2000,NA,NA,2000,NA,1993,VAB,1987-95,2005,BPM5,NA,General,Consolidated,SDDS,"ES/BS, 2004",Yes,2001,2005,2008,2000,EE,EE,Estonia,Estonia
ZMB,104,Zambia,"20,678",Republic of Zambia,Low income,Sub-Saharan Africa,IDA,HIPC,Zambian kwacha,2000,"DHS, 2007",NA,1994,NA,NA,VAB,1990-92,2005,BPM5,Preliminary,General,Budgetary,GDDS,"IHS, 2004-05",NA,1990,NA,2008,2000,ZM,ZM,Zambia,Zambia
AFG,105,Afghanistan,"20,497",Islamic State of Afghanistan,Low income,South Asia,IDA,HIPC,Afghan afghani,1979,"MICS, 2003",Fiscal year end: March 20; reporting period for national accounts data: FY.,2002/2003,NA,NA,VAB,NA,NA,NA,Actual,General,Consolidated,GDDS,NA,NA,NA,NA,2008,2000,AF,AF,Afghanistan,Afghanistan
UGA,106,Uganda,"19,881",Republic of Uganda,Low income,Sub-Saharan Africa,IDA,HIPC,Ugandan shilling,2002,"DHS, 2006, SPA, 2007",Fiscal year end: June 30; reporting period for national accounts data: FY.,2001/2002,NA,NA,VAB,NA,2005,BPM5,Actual,General,Budgetary,GDDS,"PS, 2005",NA,1991,2001,2008,NA,UG,UG,Uganda,Uganda
NPL,107,Nepal,"18,963",Nepal,Low income,South Asia,IDA,NA,Nepalese rupee,2001,"DHS, 2006",Fiscal year end: July 14; reporting period for national accounts data: FY.,2000/2001,NA,NA,VAB,NA,2005,BPM5,Actual,Special,Consolidated,GDDS,"LSMS, 2003/04",NA,2002,2001,2002,2000,NP,NP,Nepal,Nepal
HND,108,Honduras,"18,434",Republic of Honduras,Lower middle income,Latin America & Caribbean,IDA,HIPC,Honduran lempira,2001,"DHS, 2005/06",NA,2000,NA,1993,VAB,1988-89,NA,BPM5,Actual,Special,Budgetary,GDDS,"IHS, 2006",NA,1993,NA,2007,2000,HN,HN,Honduras,Honduras
GAB,109,Gabon,"18,377",Gabonese Republic,Upper middle income,Sub-Saharan Africa,IBRD,NA,CFA franc,2003,"DHS, 2000",NA,1991,NA,NA,VAP,1993,2005,BPM5,Preliminary,Special,NA,GDDS,"CWIQ/ IHS, 2005",NA,1974-75,NA,2006,2000,GA,GA,Gabon,Gabon
GNQ,110,Equatorial Guinea,"17,697",Republic of Equatorial Guinea,High income: nonOECD,Sub-Saharan Africa,IBRD,NA,CFA franc,2002,NA,NA,2000,NA,NA,VAB,1965-84,2005,NA,NA,NA,NA,NA,NA,NA,NA,NA,NA,2000,GQ,GQ,Equatorial Guinea,Equatorial Guinea
BIH,111,Bosnia and Herzegovina,"17,466",Bosnia and Herzegovina,Upper middle income,Europe & Central Asia,Blend,NA,Bosnia and Herzegovina convertible mark,1991,"MICS, 2006",NA,NA,1996,1993,VAB,NA,2005,BPM5,Actual,General,Consolidated,NA,"LSMS, 2007",Yes,NA,NA,2008,NA,BA,BA,Bosnia and Herzegovina,Bosnia and Herzegovina
ZAR,112,"Congo, Dem. Rep.","17,204",Democratic Republic of the Congo,Low income,Sub-Saharan Africa,IDA,HIPC,Congolese franc,1984,DHS 2007,NA,1987,NA,1993,VAB,1999-01,2005,BPM5,Estimate,Special,Consolidated,GDDS,"1-2-3, 2005-06",NA,1990,NA,1986,2000,CD,ZR,"Congo, Dem. Rep.",Dem. Rep. Congo
BRN,113,Brunei Darussalam,"16,954",Brunei Darussalam,High income: nonOECD,East Asia & Pacific,NA,NA,Brunei dollar,2001,NA,NA,2000,NA,NA,VAP,NA,2005,NA,NA,General,NA,GDDS,NA,Yes,NA,NA,2006,NA,BN,BN,Brunei Darussalam,Brunei
GEO,114,Georgia,"15,747",Georgia,Lower middle income,Europe & Central Asia,Blend,NA,Georgian lari,2002,"MICS, 2005, RHS, 2005",NA,NA,1996,1993,VAB,1990-95,2005,BPM5,Actual,General,Consolidated,GDDS,"IHS, 2007",Yes,2004,2005,2008,2005,GE,GE,Georgia,Georgia
PNG,115,Papua New Guinea,"15,654",The Independent State of Papua New Guinea,Lower middle income,East Asia & Pacific,Blend,NA,Papua New Guinea kina,2000,"DHS, 1996",NA,1998,NA,NA,VAB,1989,NA,BPM5,Actual,General,Budgetary,NA,"IHS, 1996",NA,NA,NA,2004,2000,PG,PG,Papua New Guinea,Papua New Guinea
JAM,116,Jamaica,"14,755",Jamaica,Upper middle income,Latin America & Caribbean,IBRD,NA,Jamaican dollar,2001,MICS 2005,NA,2003,NA,NA,VAB,NA,NA,BPM5,Actual,General,Consolidated,GDDS,"LSMS, 2004",NA,1996,NA,2008,2000,JM,JM,Jamaica,Jamaica
BWA,117,Botswana,"14,504",Republic of Botswana,Upper middle income,Sub-Saharan Africa,IBRD,NA,Botswana pula,2001,"MICS, 2000",Fiscal year end: June 30; reporting period for national accounts data: FY.,1993/1994,NA,1993,VAB,NA,2005,BPM5,Preliminary,General,Budgetary,GDDS,"ES/BS, 1993/94",NA,1993,2005,2008,2000,BW,BW,Botswana,Botswana
MOZ,118,Mozambique,"14,244",Republic of Mozambique,Low income,Sub-Saharan Africa,IDA,HIPC,New Mozambican metical,2007,"DHS, 2003",NA,2003,NA,NA,VAB,1992-95,2005,BPM5,Actual,Special,NA,GDDS,"ES/BS, 2002/03",NA,1999-2000,NA,2008,2000,MZ,MZ,Mozambique,Mozambique
SEN,119,Senegal,"14,046",Republic of Senegal,Lower middle income,Sub-Saharan Africa,IDA,HIPC,CFA franc,2002,"DHS, 2005, MIS, 2008-09",NA,1999,1987,1993,VAB,NA,2005,BPM5,Actual,Special,Budgetary,GDDS,PS 2005,NA,1998-1999,2001,2008,2002,SN,SN,Senegal,Senegal
KHM,120,Cambodia,"14,038",Kingdom of Cambodia,Low income,East Asia & Pacific,IDA,NA,Cambodian riel,2008,"DHS, 2005",NA,2000,NA,NA,VAB,NA,2005,BPM5,Actual,General,Consolidated,GDDS,"IHS, 2007",NA,NA,1999,2004,2000,KH,KH,Cambodia,Cambodia
COG,121,"Congo, Rep.","13,678",Republic of Congo,Lower middle income,Sub-Saharan Africa,IDA,HIPC,CFA franc,1996,"DHS, 2005",NA,1978,NA,NA,VAP,1993,2005,BPM5,Preliminary,Special,Consolidated,GDDS,"CWIQ/ PS, 2005",NA,1985-1986,NA,1995,2002,CG,CG,"Congo, Rep.",Congo
ISL,122,Iceland,"13,579",Republic of Iceland,High income: OECD,Europe & Central Asia,NA,NA,Iceland krona,Register based,NA,NA,2000,NA,NA,VAB,NA,2005,BPM5,NA,General,Consolidated,SDDS,NA,Yes,NA,2004,2008,2000,IS,IS,Iceland,Iceland
NAM,123,Namibia,"13,072",Republic of Namibia,Upper middle income,Sub-Saharan Africa,IBRD,NA,Namibian dollar,2001,"DHS, 2006/07",Fiscal year end: March 31; reporting period for national accounts data: CY. The government has revised national accounts data since 2000. The new base year is 2004/05.,2004/2005,NA,1993,VAB,NA,2005,BPM5,NA,General,Budgetary,GDDS,"ES/BS, 1993/94",NA,1996-1997,NA,2008,2000,NA,NA,Namibia,Namibia
TCD,124,Chad,"12,887",Republic of Chad,Low income,Sub-Saharan Africa,IDA,HIPC,CFA franc,1993,"DHS, 2004",NA,1995,NA,1993,VAB,NA,2005,BPM5,Actual,Special,NA,GDDS,"PS, 2002-03",NA,NA,NA,1996,2000,TD,TD,Chad,Chad
ALB,125,Albania,"12,648",Republic of Albania,Upper middle income,Europe & Central Asia,IBRD,NA,Albanian lek,2001,"MICS, 2005",NA,NA,1996,1993,VAB,NA,2005,BPM5,Actual,General,Consolidated,GDDS,"LSMS, 2005",Yes,1998,2005,2008,2000,AL,AL,Albania,Albania
NIC,126,Nicaragua,"10,507",Republic of Nicaragua,Lower middle income,Latin America & Caribbean,IDA,HIPC,Nicaraguan gold cordoba,2005,"RHS, 2006/07",NA,1994,NA,1993,VAB,1965-95,NA,BPM5,Actual,Special,Budgetary,GDDS,"LSMS, 2005",NA,2001,NA,2007,2000,NI,NI,Nicaragua,Nicaragua
MUS,127,Mauritius,"10,486",Republic of Mauritius,Upper middle income,Sub-Saharan Africa,IBRD,NA,Mauritian rupee,2000,NA,National accounts now reflect fiscal year data rather than calendar year data. The new base year is 2006.,2006,NA,NA,VAB,NA,2005,BPM5,Actual,General,Consolidated,GDDS,NA,Yes,NA,2003,2008,2003,MU,MU,Mauritius,Mauritius
BFA,128,Burkina Faso,"10,441",Burkina Faso,Low income,Sub-Saharan Africa,IDA,HIPC,CFA franc,2006,"MICS, 2006",NA,1999,NA,NA,VAB,1992-93,2005,BPM4,Actual,General,Budgetary,GDDS,"CWIQ, 2003",NA,1993,NA,2005,2000,BF,BF,Burkina Faso,Burkina Faso
MLI,129,Mali,"10,308",Republic of Mali,Low income,Sub-Saharan Africa,IDA,HIPC,CFA franc,1998,"DHS, 2006",NA,1987,NA,NA,VAB,NA,2005,BPM4,Actual,General,Budgetary,GDDS,"IHS, 2006",NA,1984,NA,2008,2000,ML,ML,Mali,Mali
MNG,130,Mongolia,"10,271",Mongolia,Lower middle income,East Asia & Pacific,IDA,NA,Mongolian tugrik,2000,"MICS, 2005",NA,2005,NA,1993,VAB,NA,2005,BPM5,Estimate,Special,Consolidated,GDDS,"LSMS, 2006-08",Yes,NA,1999,2007,2000,MN,MN,Mongolia,Mongolia
MDG,132,Madagascar,"9,975",Republic of Madagascar,Low income,Sub-Saharan Africa,IDA,HIPC,Malagasy ariary,1993,"DHS, 2003/04",NA,1984,NA,NA,VAB,NA,2005,BPM5,Actual,Special,Consolidated,GDDS,PS 2005,NA,2004,2005,2008,2000,MG,MG,Madagascar,Madagascar
ARM,133,Armenia,"9,951",Republic of Armenia,Lower middle income,Europe & Central Asia,Blend,NA,Armenian dram,2001,"DHS, 2005",NA,NA,1996,1993,VAB,1990-95,2005,BPM5,Actual,Special,Consolidated,SDDS,"IHS, 2007",Yes,NA,NA,2008,2000,AM,AM,Armenia,Armenia
ZWE,134,Zimbabwe,"9,802",Republic of Zimbabwe,Low income,Sub-Saharan Africa,Blend,NA,Zimbabwe dollar,2002,"DHS, 2005/06",Fiscal year end: June 30; reporting period for national accounts data: CY.,1990,NA,NA,VAB,"1991, 1998",2005,BPM5,Actual,General,Consolidated,GDDS,NA,NA,1960,1995,2008,2002,ZW,ZW,Zimbabwe,Zimbabwe
MKD,135,"Macedonia, FYR","9,613",Former Yugoslav Republic of Macedonia,Upper middle income,Europe & Central Asia,IBRD,NA,Macedonian denar,2002,"MICS, 2005",NA,1997,1995,1993,VAB,NA,2005,BPM5,Actual,General,NA,GDDS,"ES/BS, 2006",Yes,1994,2000,2008,NA,MK,MK,"Macedonia, FYR",Macedonia
LAO,136,Lao PDR,"9,418",Lao People's Democratic Republic,Low income,East Asia & Pacific,IDA,NA,Lao kip,2005,"MICS, 2006",NA,1990,NA,NA,VAB,NA,2005,BPM5,Preliminary,General,NA,NA,"ES/BS, 2002-03",NA,1998-1999,1998,1975,2000,LA,LA,Lao PDR,Lao PDR
MLT,137,Malta,"8,722",Republic of Malta,High income: nonOECD,Middle East & North Africa,NA,Euro area,Euro (data reported in Maltese liri),2005,NA,NA,1973,NA,NA,VAB,NA,2005,BPM5,NA,General,Consolidated,SDDS,NA,Yes,2001,2004,2008,2000,MT,MT,Malta,Malta
BHS,138,"Bahamas, The","8,149",Commonwealth of The Bahamas,High income: nonOECD,Latin America & Caribbean,NA,NA,Bahamian dollar,2000,NA,The government has revised national accounts data for 1997-2007. The new base year is 2006.,2006,NA,1993,VAB,NA,NA,BPM5,NA,General,Budgetary,GDDS,NA,NA,NA,1997,2008,NA,BS,BS,"Bahamas, The",The Bahamas
HTI,139,Haiti,"7,843",Republic of Haiti,Low income,Latin America & Caribbean,IDA,HIPC,Haitian gourde,2003,"DHS, 2005/06",Fiscal year end: September 30; reporting period for national accounts data: FY. The government has revised national accounts data following changes in the methodology. Current price series since 1991 and constant price series since 1996 have been revised. The new base year is 1986/87.,1986/1987,NA,NA,VAB,1991,NA,BPM5,Preliminary,General,NA,NA,"IHS, 2001",NA,1971,NA,1997,2000,HT,HT,Haiti,Haiti
BEN,140,Benin,"7,557",Republic of Benin,Low income,Sub-Saharan Africa,IDA,HIPC,CFA franc,2002,"DHS, 2006",NA,1985,NA,NA,VAP,1992,2005,BPM5,Preliminary,Special,Budgetary,GDDS,"CWIQ, 2003",NA,1992,NA,2005,2001,BJ,BJ,Benin,Benin
MDA,141,Moldova,"7,253",Republic of Moldova,Lower middle income,Europe & Central Asia,IDA,NA,Moldovan leu,2004,"DHS, 2005",NA,NA,1996,1993,VAB,1990-95,2005,BPM5,Actual,General,Consolidated,SDDS,"ES/BS, 2007",Yes,NA,2004,2008,2000,MD,MD,Moldova,Moldova
RWA,142,Rwanda,"7,103",Republic of Rwanda,Low income,Sub-Saharan Africa,IDA,HIPC,Rwandan franc,2002,"DHS, 2007/08",NA,1995,NA,NA,VAP,1994,2005,BPM5,Estimate,General,Consolidated,GDDS,"IHS, 2000",NA,1984,1998,2008,2000,RW,RW,Rwanda,Rwanda
TJK,143,Tajikistan,"6,972",Republic of Tajikistan,Low income,Europe & Central Asia,IDA,NA,Tajik somoni,2000,"MICS, 2005",NA,NA,2000,1993,VAB,1990-95,2005,BPM5,Preliminary,General,Consolidated,GDDS,"LSMS, 2004",NA,1994,NA,2000,2000,TJ,TJ,Tajikistan,Tajikistan
NER,144,Niger,"6,773",Republic of Niger,Low income,Sub-Saharan Africa,IDA,HIPC,CFA franc,2001,"DHS/MICS, 2006",NA,1987,NA,NA,VAP,1993,2005,BPM5,Preliminary,Special,NA,GDDS,QWIC/PS 2005,NA,1980,NA,2008,2000,NE,NE,Niger,Niger
KGZ,145,Kyrgyz Republic,"6,475",Kyrgyz Republic,Low income,Europe & Central Asia,IDA,HIPC,Kyrgyz som,2009,MICS 2005/06,NA,NA,1995,1993,VAB,1990-95,2005,BPM5,Actual,General,Consolidated,SDDS,"ES/BS, 2007",Yes,2002,2004,2007,2000,KG,KG,Kyrgyz Republic,Kyrgyz Republic
KSV,146,Kosovo,"6,445",Republic of Kosovo,Lower middle income,Europe & Central Asia,IDA,NA,Euro,1981,NA,"Kosovo became a World Bank member on June 29, 2009. Since 1999, Kosovo has been a territory under international administration pursuant to UN Security Council Resolution 1244 (1999).",NA,NA,NA,NA,NA,NA,NA,NA,NA,NA,NA,NA,NA,NA,NA,NA,NA,NA,KV,Kosovo,Kosovo
MCO,147,Monaco,"6,075",Principality of Monaco,High income: nonOECD,Europe & Central Asia,NA,NA,Euro,2008,NA,NA,NA,NA,NA,NA,NA,NA,NA,NA,NA,NA,NA,NA,NA,NA,NA,NA,NA,MC,MC,Monaco,Monaco
GIN,148,Guinea,"5,632",Republic of Guinea,Low income,Sub-Saharan Africa,IDA,HIPC,Guinean franc,1996,"DHS, 2005",NA,1996,NA,NA,VAB,NA,2005,BPM5,Estimate,Special,Consolidated,GDDS,"CWIQ/, 2003",NA,2000-2001,NA,2008,2000,GN,GN,Guinea,Guinea
BMU,149,Bermuda,"5,474",The Bermudas,High income: nonOECD,North America,NA,NA,Bermuda dollar,2000,NA,The Statistical Office has revised national accounts data for 1996-2007.,1996,NA,NA,VAB,NA,NA,NA,NA,NA,NA,NA,NA,Yes,NA,NA,2008,NA,BM,BM,Bermuda,Bermuda
SUR,150,Suriname,"5,012",Republic of Suriname,Upper middle income,Latin America & Caribbean,IBRD,NA,Suriname dollar,2004,"MICS, 2000",NA,1990,NA,1993,VAB,NA,NA,BPM5,NA,General,NA,GDDS,"ES/BS, 1999",Yes,NA,NA,2008,2000,SR,SR,Suriname,Suriname
MNE,151,Montenegro,"4,373",Montenegro,Upper middle income,Europe & Central Asia,IBRD,NA,Euro,2003,"MICS, 2005/06","Montenegro declared independence from Serbia and Montenegro on June 3, 2006. Where available, data for each country are shown separately. However, for Serbia, some indicators continue to include data for Montenegro through 2005.",2000,NA,1993,VAB,NA,2005,NA,Actual,NA,NA,NA,ES/BS 2007,Yes,NA,NA,NA,NA,ME,ME,Montenegro,Montenegro
MWI,152,Malawi,"4,264",Republic of Malawi,Low income,Sub-Saharan Africa,IDA,HIPC,Malawi kwacha,2008,MICS 2006,Fiscal year end: March 31; reporting period for national accounts data: CY.,1994,NA,NA,VAB,NA,2005,BPM5,Actual,General,NA,GDDS,"LSMS, 2004-05",NA,1993,2000,2008,2000,MW,MW,Malawi,Malawi
BRB,153,Barbados,"4,225",Barbados,High income: nonOECD,Latin America & Caribbean,NA,NA,Barbados dollar,2000,NA,NA,1974,NA,NA,VAB,NA,NA,BPM5,NA,General,Consolidated,GDDS,NA,Yes,NA,NA,2008,2000,BB,BB,Barbados,Barbados
MRT,154,Mauritania,"4,199",Islamic Republic of Mauritania,Low income,Sub-Saharan Africa,IDA,HIPC,Mauritanian ouguiya,2000,"MICS, 2007",NA,1998,NA,NA,VAB,NA,2005,BPM4,Actual,General,NA,GDDS,"IHS, 2000",NA,1984-1985,NA,2008,2000,MR,MR,Mauritania,Mauritania
FJI,155,Fiji,"3,908",Republic of Fiji,Upper middle income,East Asia & Pacific,IBRD,NA,Fijian dollar,2007,NA,NA,1995,NA,NA,VAB,NA,2005,BPM4,Actual,General,Budgetary,GDDS,NA,Yes,NA,2003,2007,2000,FJ,FJ,Fiji,Fiji
TGO,156,Togo,"3,814",Republic of Togo,Low income,Sub-Saharan Africa,IDA,HIPC,CFA franc,1981,"MICS, 2006",NA,1978,NA,NA,VAP,NA,2005,BPM5,Actual,Special,Budgetary,GDDS,"CWIQ, 2006",NA,1996,NA,2007,2002,TG,TG,Togo,Togo
SLE,157,Sierra Leone,"3,796",Republic of Sierra Leone,Low income,Sub-Saharan Africa,IDA,HIPC,Sierra Leonean leone,2004,DHS 2008,Fiscal year end: June 30; reporting period for national accounts data: CY.,1990,NA,1993,VAB,NA,2005,BPM5,Preliminary,Special,Budgetary,GDDS,"IHS, 2003",NA,1984-1985,NA,2002,2000,SL,SL,Sierra Leone,Sierra Leone
SWZ,158,Swaziland,"3,744",Kingdom of Swaziland,Lower middle income,Sub-Saharan Africa,IBRD,NA,Swaziland lilangeni,2007,"DHS, 2006/07",Fiscal year end: March 31; reporting period for national accounts data: CY.,2000,NA,NA,VAB,NA,2005,NA,Preliminary,General,Consolidated,GDDS,"ES/BS, 2000/01",NA,2003,NA,2007,2000,SZ,SZ,Swaziland,Swaziland
ERI,159,Eritrea,"3,092",State of Eritrea,Low income,Sub-Saharan Africa,IDA,HIPC,Eritrean nakfa,1984,"DHS, 2002",NA,1992,NA,NA,VAB,NA,NA,BPM4,Actual,General,NA,NA,NA,NA,NA,2005,2003,2004,ER,ER,Eritrea,Eritrea
GUY,160,Guyana,"2,851",Republic of Guyana,Lower middle income,Latin America & Caribbean,IDA,HIPC,Guyana dollar,2002,"MICS, 2006",NA,1988,NA,NA,VAB,NA,NA,BPM5,Actual,Special,NA,NA,"IHS, 1998",NA,NA,NA,2008,2000,GY,GY,Guyana,Guyana
ABW,161,Aruba,"2,584",Aruba,High income: nonOECD,Latin America & Caribbean,NA,NA,Aruban florin,2000,NA,NA,1995,NA,NA,NA,NA,NA,NA,NA,Special,NA,NA,NA,NA,NA,NA,2008,NA,AW,AW,Aruba,Aruba
BDI,162,Burundi,"2,472",Republic of Burundi,Low income,Sub-Saharan Africa,IDA,HIPC,Burundi franc,1990,"MICS, 2005",NA,1980,NA,NA,VAB,NA,2005,BPM5,Actual,Special,Consolidated,NA,"CWIQ, 2006",NA,NA,NA,2008,2000,BI,BI,Burundi,Burundi
LSO,163,Lesotho,"2,448",Kingdom of Lesotho,Lower middle income,Sub-Saharan Africa,IDA,NA,Lesotho loti,2006,"DHS, 2004",Fiscal year end: March 31; reporting period for national accounts data: CY.,1995,NA,1993,VAB,NA,2005,BPM5,Actual,General,Consolidated,GDDS,"ES/BS, 2002-03",NA,1999-2000,NA,2004,2000,LS,LS,Lesotho,Lesotho
MDV,164,Maldives,"2,222",Republic of Maldives,Lower middle income,South Asia,IDA,NA,Maldivian rufiyaa,2006,"MICS, 2001",National accounts data for 2001-08 have been revised to reflect a change in source from the Asian Development Bank to the Maldives Planning Department.,1995,NA,NA,VAB,NA,2005,BPM5,Actual,General,Consolidated,NA,NA,Yes,NA,NA,2008,NA,MV,MV,Maldives,Maldives
CAF,165,Central African Republic,"2,184",Central African Republic,Low income,Sub-Saharan Africa,IDA,HIPC,CFA franc,2003,"MICS, 2006",NA,2000,NA,NA,VAB,NA,2005,BPM4,Preliminary,Special,Budgetary,GDDS,"PS, 2003",NA,1985,NA,2005,2000,CF,CF,Central African Republic,Central African Republic
CPV,166,Cape Verde,"1,827",Republic of Cape Verde,Lower middle income,Sub-Saharan Africa,Blend,NA,Cape Verde escudo,2000,NA,NA,1980,NA,NA,VAP,NA,2005,BPM5,Actual,Special,NA,GDDS,"ES/BS, 2001",Yes,2004,NA,2008,NA,CV,CV,Cape Verde,Cape Verde
BTN,167,Bhutan,"1,780",Kingdom of Bhutan,Lower middle income,South Asia,IDA,NA,Bhutanese ngultrum,2005,NA,NA,2000,NA,1993,VAB,NA,2005,NA,Actual,NA,Consolidated,NA,"IHS, 2003",NA,2000,NA,2008,2000,BT,BT,Bhutan,Bhutan
LBR,168,Liberia,"1,734",Republic of Liberia,Low income,Sub-Saharan Africa,IDA,HIPC,Liberian dollar,2008,"DHS, 2007, MIS, 2008/09",NA,1992,NA,NA,VAP,NA,2005,BPM5,Estimate,NA,NA,GDDS,CWIQ 2007,NA,NA,NA,1985,2000,LR,LR,Liberia,Liberia
BLZ,169,Belize,"1,493",Belize,Lower middle income,Latin America & Caribbean,IBRD,NA,Belize dollar,2000,"MICS, 2006",The government has revised national accounts data for 1991-2008.,2000,NA,1993,VAB,NA,NA,BPM5,Actual,General,Budgetary,GDDS,ES/BS 1995,NA,NA,NA,2008,2000,BZ,BZ,Belize,Belize
TMP,170,Timor-Leste,"1,293",Democratic Republic of Timor-Leste,Lower middle income,East Asia & Pacific,IDA,NA,U.S. dollar,2004,"DGHS, 2003",NA,2000,NA,NA,VAP,NA,NA,NA,NA,NA,NA,NA,"LSMS, 2007",NA,NA,NA,2005,NA,TL,TP,Timor-Leste,Timor-Leste
LCA,171,St. Lucia,"1,239",St. Lucia,Upper middle income,Latin America & Caribbean,Blend,NA,East Caribbean dollar,2001,NA,The government has revised national accounts data for 1998-2008.,1990,NA,NA,VAB,NA,NA,BPM5,Actual,General,NA,GDDS,"IHS, 1995",Yes,NA,NA,2008,NA,LC,LC,St. Lucia,St. Lucia
ATG,172,Antigua and Barbuda,"1,134",Antigua and Barbuda,Upper middle income,Latin America & Caribbean,IBRD,NA,East Caribbean dollar,2001,NA,The government has revised national accounts data for 1998-2008.,1990,NA,NA,VAB,NA,NA,BPM5,NA,General,NA,GDDS,NA,Yes,NA,NA,2007,1990,AG,AG,Antigua and Barbuda,Antigua and Barbuda
SYC,173,Seychelles,"1,129",Republic of Seychelles,Upper middle income,Sub-Saharan Africa,IBRD,NA,Seychelles rupee,2002,NA,NA,1986,NA,NA,VAP,NA,NA,BPM5,Actual,General,Consolidated,SDDS,NA,Yes,1998,NA,2008,2003,SC,SC,Seychelles,Seychelles
SLB,174,Solomon Islands,"1,008",Solomon Islands,Low income,East Asia & Pacific,IDA,NA,Solomon Islands dollar,1999,NA,NA,2004,NA,NA,VAB,NA,NA,BPM5,Actual,NA,NA,NA,NA,NA,NA,NA,2007,NA,SB,SB,Solomon Islands,Solomon Islands
GMB,175,"Gambia, The",917,Republic of The Gambia,Low income,Sub-Saharan Africa,IDA,HIPC,Gambian dalasi,2003,"MICS, 2005/06",Fiscal year end: June 30; reporting period for national accounts data: CY.,1987,NA,NA,VAB,NA,2005,BPM5,Estimate,General,Consolidated,GDDS,"IHS, 2003",NA,2001-2002,NA,2008,2000,GM,GM,"Gambia, The",The Gambia
GNB,176,Guinea-Bissau,822,Republic of Guinea-Bissau,Low income,Sub-Saharan Africa,IDA,HIPC,CFA franc,2009,"MICS, 2006",NA,1986,NA,NA,VAB,NA,2005,BPM5,Actual,General,NA,GDDS,"CWIQ, 2002",NA,1988,NA,2005,2000,GW,GW,Guinea-Bissau,Guinea-Bissau
VUT,177,Vanuatu,787,Republic of Vanuatu,Lower middle income,East Asia & Pacific,IDA,NA,Vanuatu vatu,2009,NA,NA,1983,NA,NA,VAP,NA,NA,BPM5,Estimate,NA,Consolidated,GDDS,NA,NA,NA,NA,2007,NA,VU,VU,Vanuatu,Vanuatu
GRD,178,Grenada,767,Grenada,Upper middle income,Latin America & Caribbean,Blend,NA,East Caribbean dollar,2001,NA,NA,1990,NA,NA,VAB,NA,NA,BPM5,Actual,General,Budgetary,GDDS,NA,NA,NA,NA,2008,NA,GD,GD,Grenada,Grenada
KNA,178,St. Kitts and Nevis,767,St. Kitts and Nevis,Upper middle income,Latin America & Caribbean,IBRD,NA,East Caribbean dollar,2001,NA,NA,1990,NA,1993,VAB,NA,NA,BPM5,Preliminary,General,Consolidated,GDDS,NA,NA,NA,NA,2007,NA,KN,KN,St. Kitts and Nevis,St. Kitts and Nevis
VCT,180,St. Vincent and the Grenadines,713,St. Vincent and the Grenadines,Upper middle income,Latin America & Caribbean,Blend,NA,East Caribbean dollar,2001,NA,NA,1990,NA,NA,VAB,NA,NA,BPM5,Preliminary,General,Consolidated,GDDS,NA,Yes,NA,NA,2008,NA,VC,VC,St. Vincent and the Grenadines,St. Vincent and the Grenadines
WSM,181,Samoa,684,Samoa,Lower middle income,East Asia & Pacific,IDA,NA,Samoan tala,2006,NA,NA,2002,NA,NA,VAB,NA,NA,BPM5,Preliminary,General,NA,NA,NA,NA,1999,NA,2008,NA,WS,WS,Samoa,Samoa
COM,182,Comoros,596,Union of the Comoros,Low income,Sub-Saharan Africa,IDA,HIPC,Comorian franc,2003,"MICS, 2000",NA,1990,NA,NA,VAP,NA,2005,NA,Preliminary,NA,NA,NA,"IHS, 2004",NA,NA,NA,2007,NA,KM,KM,Comoros,Comoros
DMA,183,Dominica,480,Commonwealth of Dominica,Upper middle income,Latin America & Caribbean,Blend,NA,East Caribbean dollar,2001,NA,NA,1990,NA,1993,VAB,NA,NA,BPM5,Actual,General,NA,GDDS,NA,Yes,NA,NA,2008,NA,DM,DM,Dominica,Dominica
TON,184,Tonga,472,Kingdom of Tonga,Lower middle income,East Asia & Pacific,IDA,NA,Tongan pa'anga,2006,NA,NA,2000/2001,NA,NA,VAB,NA,NA,BPM5,Actual,NA,NA,GDDS,NA,Yes,2001,NA,2007,NA,TO,TO,Tonga,Tonga
FSM,185,"Micronesia, Fed. Sts.",326,Federated States of Micronesia,Lower middle income,East Asia & Pacific,IBRD,NA,U.S. dollar,2000,NA,The government statistical office has revised national accounts data for 1995-2008.,1998,NA,NA,VAB,NA,NA,NA,NA,NA,NA,NA,NA,NA,NA,NA,NA,NA,FM,FM,"Micronesia, Fed. Sts.",Micronesia
STP,186,São Tomé and Principe,263,Democratic Republic of São Tomé and Principe,Lower middle income,Sub-Saharan Africa,IDA,HIPC,São Tomé and Principe dobra,2001,NA,NA,2001,NA,NA,VAP,NA,2005,NA,Preliminary,Special,NA,GDDS,PS 2000-01,NA,NA,NA,2008,NA,ST,ST,São Tomé and Principe,São Tomé and Principe
PLW,187,Palau,228,Republic of Palau,Upper middle income,East Asia & Pacific,IBRD,NA,U.S. dollar,2005,NA,NA,1995,NA,NA,VAB,NA,NA,NA,NA,NA,NA,NA,NA,Yes,NA,NA,NA,NA,PW,PW,Palau,Palau
MHL,188,Marshall Islands,182,Republic of the Marshall Islands,Lower middle income,East Asia & Pacific,IBRD,NA,U.S. dollar,1999,NA,NA,1991,NA,NA,VAB,NA,NA,NA,NA,NA,NA,NA,NA,NA,NA,NA,NA,NA,MH,MH,Marshall Islands,Marshall Islands
KIR,189,Kiribati,175,Republic of Kiribati,Lower middle income,East Asia & Pacific,IDA,NA,Australian dollar,2005,NA,The government statistical office has revised national accounts data for 1970-2008.,1991,NA,NA,VAB,NA,NA,NA,NA,General,NA,GDDS,NA,NA,NA,NA,2005,NA,KI,KI,Kiribati,Kiribati
TUV,190,Tuvalu,40,Tuvalu,Lower middle income,East Asia & Pacific,NA,NA,Australian dollar,NA,NA,NA,NA,NA,NA,NA,NA,NA,NA,NA,NA,NA,NA,NA,NA,NA,NA,NA,NA,TV,TV,Tuvalu,Tuvalu
ASM,NA,American Samoa,NA,American Samoa,Upper middle income,East Asia & Pacific,NA,NA,U.S. dollar,2000,NA,NA,NA,NA,NA,NA,NA,NA,NA,NA,NA,NA,NA,NA,Yes,NA,NA,NA,NA,AS,AS,American Samoa,American Samoa
ADO,NA,Andorra,NA,Principality of Andorra,High income: nonOECD,Europe & Central Asia,NA,NA,Euro,Register based,NA,NA,NA,NA,NA,NA,NA,NA,NA,NA,General,NA,NA,NA,Yes,NA,NA,2006,NA,AD,AD,Andorra,Andorra
CYM,NA,Cayman Islands,NA,Cayman Islands,High income: nonOECD,Latin America & Caribbean,NA,NA,Cayman Islands dollar,1999,NA,NA,NA,NA,NA,NA,NA,NA,NA,NA,NA,NA,NA,NA,Yes,NA,NA,NA,NA,KY,KY,Cayman Islands,Cayman Islands
CHI,NA,Channel Islands,NA,Channel Islands,High income: nonOECD,Europe & Central Asia,NA,NA,Jersey pound and Guernsey pound,2001,NA,NA,2007 and 2003,2007,1993,VAB,NA,NA,NA,NA,NA,NA,NA,NA,Yes,NA,NA,NA,NA,NA,NA,Channel Islands,Channel Islands
DJI,NA,Djibouti,NA,Republic of Djibouti,Lower middle income,Middle East & North Africa,IDA,NA,Djibouti franc,2009,"MICS, 2006",NA,1990,NA,NA,VAB,NA,2005,NA,Actual,NA,NA,NA,"PS, 2002",NA,NA,NA,1998,2000,DJ,DJ,Djibouti,Djibouti
FRO,NA,Faeroe Islands,NA,Faeroe Islands,High income: nonOECD,Europe & Central Asia,NA,NA,Danish krone,Register based,NA,NA,NA,NA,NA,VAB,NA,NA,BPM5,NA,General,NA,NA,NA,NA,NA,NA,2005,NA,FO,FO,Faeroe Islands,Faeroe Islands
PYF,NA,French Polynesia,NA,French Polynesia,High income: nonOECD,East Asia & Pacific,NA,NA,CFP franc,2007,NA,NA,NA,NA,NA,NA,NA,NA,NA,NA,General,NA,NA,NA,Yes,NA,NA,2008,NA,PF,PF,French Polynesia,French Polynesia
GRL,NA,Greenland,NA,Greenland,High income: nonOECD,Europe & Central Asia,NA,NA,Danish krone,Register based,NA,NA,NA,NA,NA,NA,NA,NA,NA,NA,General,NA,NA,NA,Yes,NA,NA,2007,NA,GL,GL,Greenland,Greenland
GUM,NA,Guam,NA,Guam,High income: nonOECD,East Asia & Pacific,NA,NA,U.S. dollar,2000,NA,NA,NA,NA,NA,NA,NA,NA,NA,NA,NA,NA,NA,NA,Yes,NA,NA,NA,NA,GU,GU,Guam,Guam
IMY,NA,Isle of Man,NA,Isle of Man,High income: nonOECD,Europe & Central Asia,NA,NA,Manx pound,2006,NA,NA,2005,2003,NA,NA,NA,NA,NA,NA,NA,NA,NA,NA,Yes,NA,NA,NA,NA,IM,IM,Isle of Man,Isle of Man
PRK,NA,"Korea, Dem. Rep.",NA,Democratic People's Republic of Korea,Low income,East Asia & Pacific,NA,NA,Democratic People's Republic of Korean won,2008,"MICS, 2000",NA,NA,NA,NA,NA,NA,NA,BPM5,NA,NA,NA,NA,NA,NA,NA,NA,NA,2000,KP,KP,"Korea, Dem. Rep.",Dem. Rep. Korea
LBY,NA,Libya,NA,Socialist People's Libyan Arab Jamahiriya,Upper middle income,Middle East & North Africa,IBRD,NA,Libyan dinar,1995,"MICS, 2000",NA,1999,NA,NA,VAB,1986,NA,BPM5,NA,General,NA,GDDS,NA,NA,2001,NA,2004,2000,LY,LY,Libya,Libya
LIE,NA,Liechtenstein,NA,Principality of Liechtenstein,High income: nonOECD,Europe & Central Asia,NA,NA,Swiss franc,2000,NA,NA,NA,NA,NA,VAB,NA,NA,NA,NA,Special,NA,NA,NA,Yes,NA,NA,NA,NA,LI,LI,Liechtenstein,Liechtenstein
MMR,NA,Myanmar,NA,Union of Myanmar,Low income,East Asia & Pacific,IDA,NA,Myanmar kyat,1983,"MICS, 2000",Fiscal year end: March 31; reporting period for national accounts data: FY.,1985/1986,NA,NA,VAP,NA,NA,BPM5,Estimate,General,Consolidated,NA,NA,NA,2003,NA,2001,2000,MM,MM,Myanmar,Myanmar
NCL,NA,New Caledonia,NA,New Caledonia,High income: nonOECD,East Asia & Pacific,NA,NA,CFP franc,2009,NA,NA,NA,NA,NA,NA,NA,NA,NA,NA,Special,NA,NA,NA,Yes,NA,NA,2008,NA,NC,NC,New Caledonia,New Caledonia
MNP,NA,Northern Mariana Islands,NA,Commonwealth of the Northern Mariana Islands,High income: nonOECD,East Asia & Pacific,NA,NA,U.S. dollar,2000,NA,NA,NA,NA,NA,NA,NA,NA,NA,NA,NA,NA,NA,NA,NA,NA,NA,NA,NA,MP,MP,Northern Mariana Islands,Northern Mariana Islands
SMR,NA,San Marino,NA,Republic of San Marino,High income: nonOECD,Europe & Central Asia,NA,NA,Euro,Register based,NA,NA,1995,2000,1993,VAB,NA,NA,NA,NA,Special,Consolidated,GDDS,NA,Yes,NA,NA,NA,NA,SM,SM,San Marino,San Marino
SOM,NA,Somalia,NA,Somali Democratic Republic,Low income,Sub-Saharan Africa,IDA,HIPC,Somali shilling,1987,"MICS, 2006",NA,1985,NA,NA,VAB,1977-90,NA,NA,Estimate,NA,NA,NA,NA,NA,NA,NA,1982,2003,SO,SO,Somalia,Somalia
TCA,NA,Turks and Caicos Islands,NA,Turks and Caicos Islands,High income: nonOECD,Latin America & Caribbean,NA,NA,U.S. dollar,NA,NA,NA,NA,NA,NA,NA,NA,NA,NA,NA,NA,NA,NA,NA,NA,NA,NA,NA,NA,TC,TC,Turks and Caicos Islands,Turks and Caicos Islands
VIR,NA,Virgin Islands (U.S.),NA,Virgin Islands of the United States,High income: nonOECD,Latin America & Caribbean,NA,NA,U.S. dollar,2000,NA,NA,1982,NA,NA,NA,NA,NA,NA,NA,General,NA,NA,NA,Yes,NA,NA,NA,NA,VI,VI,Virgin Islands (U.S.),Virgin Islands
WBG,NA,West Bank and Gaza,NA,West Bank and Gaza,Lower middle income,Middle East & North Africa,NA,NA,Israeli new shekel,2007,"PAPFAM, 2006",NA,1997,NA,NA,VAB,NA,NA,NA,NA,NA,Budgetary,GDDS,NA,NA,1971,NA,NA,NA,PS,GZ,West Bank and Gaza,West Bank and Gaza
WLD,NA,World,"72,440,449",World,NA,NA,NA,NA,NA,NA,NA,World aggregate.,NA,NA,NA,NA,NA,NA,NA,NA,NA,NA,NA,NA,NA,NA,NA,NA,NA,NA,NA,World,World
LIC,NA,Low income,"504,431",Low income,NA,NA,NA,NA,NA,NA,NA,Low income group aggregate. Low-income economies are those in which 2009 GNI per capita was $995 or less.,NA,NA,NA,NA,NA,NA,NA,NA,NA,NA,NA,NA,NA,NA,NA,NA,NA,NA,NA,Low income,Low income
MIC,NA,Middle income,"22,249,909",Middle income,NA,NA,NA,NA,NA,NA,NA,"Middle income group aggregate. Middle-income economies are those in which 2009 GNI per capita was between $996 and $12,195.",NA,NA,NA,NA,NA,NA,NA,NA,NA,NA,NA,NA,NA,NA,NA,NA,NA,NA,NA,Middle income,Middle income
LMC,NA,Lower middle income,"4,823,811",Lower middle income,NA,NA,NA,NA,NA,NA,NA,"Lower middle income group aggregate. Lower-middle-income economies are those in which 2009 GNI per capita was between $996 and $3,945.",NA,NA,NA,NA,NA,NA,NA,NA,NA,NA,NA,NA,NA,NA,NA,NA,NA,NA,NA,Lower middle income,Lower middle income
UMC,NA,Upper middle income,"17,426,690",Upper middle income,NA,NA,NA,NA,NA,NA,NA,"Upper middle income group aggregate. Upper-middle-income economies are those in which 2009 GNI per capita was between $3,946 and $12,195.",NA,NA,NA,NA,NA,NA,NA,NA,NA,NA,NA,NA,NA,NA,NA,NA,NA,NA,NA,Upper middle income,Upper middle income
LMY,NA,Low & middle income,"22,769,282",Low & middle income,NA,NA,NA,NA,NA,NA,NA,"Low and middle income group aggregate (all developing economies). Low- and middle-income economies are those in which 2009 GNI per capita was $12,195 or less.",NA,NA,NA,NA,NA,NA,NA,NA,NA,NA,NA,NA,NA,NA,NA,NA,NA,NA,NA,Low & middle income,Low & middle income
EAP,NA,East Asia & Pacific,"10,329,684",East Asia & Pacific (developing only),NA,NA,NA,NA,NA,NA,NA,East Asia and Pacific regional aggregate (does not include high-income economies).,NA,NA,NA,NA,NA,NA,NA,NA,NA,NA,NA,NA,NA,NA,NA,NA,NA,NA,NA,East Asia & Pacific,East Asia & Pacific (developing only)
ECA,NA,Europe & Central Asia,"1,887,950",Europe & Central Asia (developing only),NA,NA,NA,NA,NA,NA,NA,Europe and Central Asia regional aggregate (does not include high-income economies).,NA,NA,NA,NA,NA,NA,NA,NA,NA,NA,NA,NA,NA,NA,NA,NA,NA,NA,NA,Europe & Central Asia,Europe & Central Asia (developing only)
LAC,NA,Latin America & Caribbean,"5,344,028",Latin America & Caribbean (developing only),NA,NA,NA,NA,NA,NA,NA,Latin America and Caribbean regional aggregate (does not include high-income economies).,NA,NA,NA,NA,NA,NA,NA,NA,NA,NA,NA,NA,NA,NA,NA,NA,NA,NA,NA,Latin America & Caribbean,Latin America & Caribbean (developing only)
MNA,NA,Middle East & North Africa,"1,540,807",Middle East & North Africa (developing only),NA,NA,NA,NA,NA,NA,NA,Middle East and North Africa regional aggregate (does not include high-income economies).,NA,NA,NA,NA,NA,NA,NA,NA,NA,NA,NA,NA,NA,NA,NA,NA,NA,NA,NA,Middle East & North Africa,Middle East & North Africa (developing only)
SAS,NA,South Asia,"2,286,093",South Asia,NA,NA,NA,NA,NA,NA,NA,South Asia regional aggregate. There are no economies in South Asia classified as high income.,NA,NA,NA,NA,NA,NA,NA,NA,NA,NA,NA,NA,NA,NA,NA,NA,NA,NA,NA,South Asia,South Asia
SSA,NA,Sub-Saharan Africa,"1,289,813",Sub-Saharan Africa (developing only),NA,NA,NA,NA,NA,NA,NA,Sub-Saharan Africa regional aggregate (does not include high-income economies).,NA,NA,NA,NA,NA,NA,NA,NA,NA,NA,NA,NA,NA,NA,NA,NA,NA,NA,NA,Sub-Saharan Africa,Sub-Saharan Africa (developing only)
HIC,NA,High income,"49,717,634",High income,NA,NA,NA,NA,NA,NA,NA,"High income group aggregate. High-income economies are those in which 2009 GNI per capita was $12,196 or more.",NA,NA,NA,NA,NA,NA,NA,NA,NA,NA,NA,NA,NA,NA,NA,NA,NA,NA,NA,High income,High income
EMU,NA,Euro area,"12,192,344",Euro area,NA,NA,NA,NA,NA,NA,NA,Euro area aggregate.,NA,NA,NA,NA,NA,NA,NA,NA,NA,NA,NA,NA,NA,NA,NA,NA,NA,NA,NA,Euro area,Euro area
